date,price,c_open,c_high,c_low,p_price,p_volume
2014-01-01,27.65,0.030741410488245968,0.030741410488245968,-0.02278481012658229,,
2014-01-02,28.15,0.024511545293072867,0.02593250444049744,-0.012078152753108307,-0.017761989342806372,0.9361766878087341
2014-01-05,28.5,-0.002105263157894721,0.010175438596491171,-0.0094736842105263,-0.012280701754386003,0.7906191643905713
2014-01-06,28.17,0.017394391196308145,0.022364217252396124,-0.0007099751508697905,0.011714589989350266,-0.314043069180555
2014-01-07,28.28,-0.008132956152758108,0.0028288543140027045,-0.02333804809052331,-0.0038896746817538297,0.020686574664296797
2014-01-08,27.74,0.022350396539293493,0.023792357606344572,-0.017664023071377044,0.019466474405191114,0.5809946962285109
2014-01-09,27.34,0.012801755669348935,0.012801755669348935,-0.012435991221653286,0.014630577907827291,-0.1408699938697221
2014-01-12,25.79,0.05273361768127183,0.05622334238076765,-0.01512214036448234,0.060100814269096636,-0.5748741261371635
2014-01-13,25.44,0.013757861635220081,0.017688679245283057,-0.010613207547169767,0.013757861635220081,-0.014042421304427344
2014-01-14,23.88,0.05443886097152428,0.0655360134003351,-0.061557788944723524,0.06532663316582932,-0.7849311236538219
2014-01-15,24.35,-0.01149897330595484,0.05462012320328524,-0.02094045174537995,-0.019301848049281367,0.3595068047101251
2014-01-16,24.8,-0.012096774193548376,0.012903225806451646,-0.012096774193548376,-0.01814516129032251,0.02283348478018543
2014-01-20,24.17,0.03227141083988405,0.04834505585436477,-0.005378568473314083,0.026065370293752554,2.072223236342838
2014-01-21,24.13,0.0016576875259015633,0.00538748445917947,-0.019063406547865647,0.0016576875259015633,0.2358217305384358
2014-01-22,23.61,0.01355357899195253,0.020965692503176703,-0.01270648030495558,0.022024565861922918,0.21622719091587528
2014-01-23,23.02,0.017376194613379692,0.020851433536055675,-0.021285838401389978,0.0256298870547349,-0.3199811932345398
2014-01-26,22.56,0.015514184397163122,0.03191489361702149,-0.026152482269503508,0.020390070921985748,-0.06991223950078551
2014-01-27,23.29,-0.020609703735508855,0.030055817947616914,-0.036066981537140386,-0.031343924431086356,0.590317512299048
2014-01-28,23.69,-0.026171380329252925,0.014352047277332192,-0.0468509919797383,-0.016884761502743872,-0.09748775425487755
2014-01-29,23.87,0.0008378718056136769,0.01591956430666097,-0.010473397570171739,-0.007540846250523647,0.10701615719721347
2014-01-30,24.71,-0.047349251315257024,0.016592472683124138,-0.05341966815054633,-0.03399433427762044,-0.3761495874099251
2014-02-02,23.62,0.04995766299745985,0.06900931414055878,-0.0021168501270110163,0.04614733276883998,-0.10811789323825949
2014-02-03,23.13,0.0622568093385214,0.0622568093385214,-0.006052745352356226,0.021184608733247012,-0.20670776330542895
2014-02-04,23.47,-0.021303792074989336,0.006817213463996552,-0.0472944184064763,-0.014486578610992784,0.8880909561610177
2014-02-05,23.05,-0.032971800433839515,0.024728850325379526,-0.0663774403470716,0.018221258134490048,-0.5110610786049619
2014-02-06,22.91,0.025316455696202445,0.025316455696202445,-0.028371890004364797,0.006110868616324705,0.6112561969906882
2014-02-09,21.53,0.05527171388759866,0.07106363214119815,-0.00510915002322343,0.06409660938225725,-0.6752167304374275
2014-02-10,20.62,0.038312318137730283,0.038312318137730283,-0.0038797284190107417,0.04413191076624634,0.4501328313366004
2014-02-11,21.51,-0.035797303579730544,0.003719200371919973,-0.05299860529986056,-0.04137610413761039,0.4032468008945691
2014-02-12,21.68,-0.028136531365313577,0.006918819188191927,-0.06042435424354242,-0.007841328413283999,0.8100850623964151
2014-02-13,21.6,-0.001388888888888995,0.0037037037037035425,-0.02777777777777779,0.0037037037037035425,-0.24091178082191778
2014-02-17,21.74,-0.005979760809567525,0.013339466421343316,-0.01195952161913516,-0.006439742410303428,1.6219757485202
2014-02-18,21.65,-0.0018475750577366945,0.010161662817552042,-0.022170900692840556,0.004157043879907674,-0.12423122993145241
2014-02-19,22.52,-0.03374777975133203,0.013321492007104752,-0.035523978685612856,-0.03863232682060391,-0.5543208851943484
2014-02-20,22.31,0.012998655311519558,0.020618556701031077,-0.003137606454504671,0.009412819363514124,0.07124698441990329
2014-02-23,22.78,-0.017120280948200173,0.012291483757681965,-0.017120280948200173,-0.020632133450395163,0.8622670890833914
2014-02-24,22.06,0.031278331822302885,0.04849954669084311,-0.006799637352674415,0.03263825929283781,-0.004379418958473491
2014-02-25,21.59,0.02037980546549334,0.032885595182955196,-0.004168596572487249,0.021769337656322385,0.2550266147790303
2014-02-26,22.28,-0.02782764811490135,0.012567324955116588,-0.03545780969479362,-0.03096947935368044,-0.012887522560063536
2014-02-27,22.8,-0.021052631578947434,0.003947368421052699,-0.02543859649122815,-0.02280701754385961,-0.4523661994819358
2014-03-02,22.3,-0.004484304932735439,0.015246636771300448,-0.028475336322870026,0.022421524663677195,-0.36331253680446773
2014-03-03,23.42,-0.02946199829205809,0.00597779675491017,-0.03074295473953892,-0.04782237403928269,-0.6723321234806428
2014-03-04,23.26,0.006878761822871837,0.01848237317282897,-0.013757523645743786,0.006878761822871837,6.739565845469098
2014-03-05,22.57,0.02791315906070002,0.04031900753212225,-0.006202924235711116,0.030571555161719166,-0.35793741813783553
2014-03-06,21.65,0.04526558891454968,0.04526558891454968,-0.0055427251732100835,0.04249422632794464,-0.49111824061435627
2014-03-09,21.21,0.012729844413012614,0.013908533710513815,-0.02734559170202744,0.020744931636020647,0.6486534801308137
2014-03-10,20.45,0.03422982885085579,0.0352078239608804,-0.004400977995109967,0.03716381418092918,-0.04564442359269505
2014-03-11,20.54,-0.011684518013631906,0.0019474196689386325,-0.05355404089581295,-0.004381694255111923,-0.19788736079080083
2014-03-12,20.76,-0.012042389210019322,0.00818882466281301,-0.029865125240847834,-0.010597302504817052,-0.24122408530300554
2014-03-13,21.29,-0.03710662282761856,0.02160638797557546,-0.03898543917332076,-0.024894316580554188,0.5398790461007417
2014-03-16,20.28,0.03402366863905315,0.03402366863905315,-0.012327416173570027,0.049802761341222856,-0.6457954207577545
2014-03-17,20.99,-0.039066222010481044,0.0,-0.04287756074321103,-0.03382563125297744,0.7619473182185046
2014-03-18,21.09,-0.007112375533428139,0.002844950213371167,-0.019914651493598723,-0.004741583688952167,0.8691217089112768
2014-03-19,21.49,-0.011633317822242861,0.010702652396463508,-0.023266635644485834,-0.018613308515588622,0.4715761856710394
2014-03-20,26.32,0.07332826747720356,0.07446808510638303,-0.04806231003039518,-0.1835106382978724,-0.9742030217502627
2014-03-23,26.69,-0.02210565754964411,0.006601723491944433,-0.02322967403521925,-0.013862869988759852,3.1953271375058696
2014-03-24,26.41,0.017796289284361944,0.03937902309731167,-0.006436955698599034,0.010602044680045442,0.49404353606347984
2014-03-25,26.48,-0.004909365558912304,0.012462235649546738,-0.004909365558912304,-0.0026435045317220185,0.4939353401962141
2014-03-26,26.31,0.006461421512732768,0.01178259217027744,-0.0034207525655644,0.006461421512732768,0.08631626666497194
2014-03-27,26.31,0.004561003420752607,0.010262257696693311,-0.009122006841505104,0.0,-0.3200615899157315
2014-03-30,26.5,-0.005283018867924594,0.004905660377358512,-0.012075471698113183,-0.007169811320754782,0.913769102696981
2014-03-31,26.75,-0.013831775700934634,0.006728971962616903,-0.013831775700934634,-0.009345794392523366,0.08153326724851118
2014-04-01,26.74,0.002243829468960401,0.004113687359760698,-0.0029917726252803867,0.00037397157816010385,-0.14540002267536145
2014-04-02,26.6,0.004511278195488577,0.007894736842105177,-0.009022556390977488,0.005263157894736636,-0.24503643092358351
2014-04-03,26.28,0.016362252663622456,0.019786910197869156,-0.0026636225266362112,0.0121765601217656,1.5023789754882495
2014-04-06,24.86,0.053097345132743445,0.05430410297666932,-0.0004022526146418848,0.0571198712791634,-0.5348554745702185
2014-04-07,25.1,-0.009960159362549792,0.012350597609561698,-0.03745019920318726,-0.009561752988047845,0.39165446331204246
2014-04-08,25.77,-0.016298020954598313,0.0093131548311991,-0.020954598370197863,-0.02599922390376397,0.3341730371922298
2014-04-09,25.12,0.015127388535031816,0.026671974522292974,-0.002786624203821697,0.02587579617834379,0.9632424050762043
2014-04-10,24.6,0.020325203252032464,0.024390243902439046,-0.008089430894309024,0.021138211382113692,-0.14187518821214218
2014-04-13,24.29,0.013174145738987342,0.01976121860848079,-0.003705228489090162,0.012762453684644015,-0.19918679808757345
2014-04-14,23.89,0.025533696107157722,0.032649644202595196,-0.025115110925073347,0.016743407283382084,0.36384322964073457
2014-04-15,23.65,0.01902748414376343,0.01902748414376343,-0.006342494714587699,0.010147991543340451,0.003973998149307212
2014-04-16,23.75,-0.008000000000000007,0.008421052631578885,-0.01473684210526327,-0.004210526315789553,3.150816798151247
2014-04-20,23.92,-0.0071070234113712605,0.0008319397993310496,-0.01755852842809369,-0.0071070234113712605,-0.5324341443421886
2014-04-21,23.67,0.008449514152936155,0.009716941275876412,-0.0029531051964512,0.01056189269117036,-0.04624667737487742
2014-04-22,23.73,-0.003371260008428245,0.004635482511588629,-0.005478297513695662,-0.0025284450063211006,2.1589322197525873
2014-04-23,23.74,0.00631844987363106,0.008845829823083351,-0.008424599831508006,-0.0004212299915753448,-0.23434867810362014
2014-04-24,23.82,-0.0037783375314861534,0.0,-0.014273719563392073,-0.0033585222502099388,0.21016829273366477
2014-04-27,23.86,-0.0025146689019278634,0.010058675607711676,-0.01592623637887669,-0.0016764459346185756,-0.4918821216413335
2014-04-28,23.6,0.005508474576271238,0.010169491525423568,-0.004661016949152663,0.011016949152542255,0.010877462922596948
2014-04-29,23.43,0.007682458386683688,0.02082799829278703,-0.010670081092616357,0.0072556551429792115,-0.4070178551062562
2014-04-30,25.03,-0.059129045145825065,0.0,-0.06112664802237322,-0.06392329204954061,0.2383074545126438
2014-05-01,25.25,-0.010297029702970306,0.007920792079207928,-0.010693069306930703,-0.00871287128712872,-0.8873924974863805
2014-05-04,25.5,-0.011372549019607825,0.004313725490196152,-0.02352941176470591,-0.009803921568627416,1.4396181394536782
2014-05-05,25.16,0.007949125596184325,0.014705882352941124,-0.0051669316375198004,0.013513513513513598,5.342296650717703
2014-05-06,24.77,0.01574485264432779,0.020185708518368983,-0.014093661687525239,0.01574485264432779,-0.30981450380238895
2014-05-07,24.57,0.012210012210012167,0.028083028083028205,-0.004884004884004978,0.008140008140008037,0.9408511573395839
2014-05-08,24.46,0.0044971381847915826,0.013491414554374526,-0.010629599345870822,0.0044971381847915826,-0.5087353136976196
2014-05-11,24.95,-0.01763527054108205,0.021242484969939968,-0.01923847695390779,-0.019639278557114115,-0.09557052658985876
2014-05-12,24.74,0.003637833468068008,0.006467259498787348,-0.006467259498787348,0.008488278092158463,0.6012924576238063
2014-05-13,24.39,0.010250102501025093,0.013940139401394047,-0.009020090200901998,0.01435014350143482,-0.4578058773664877
2014-05-14,23.94,0.011695906432748426,0.011695906432748426,-0.00877192982456143,0.018796992481203034,-0.6732413872698944
2014-05-15,24.84,-0.03945249597423517,0.0032206119162641045,-0.05495169082125595,-0.03623188405797095,-0.12165189659122477
2014-05-18,25.03,-0.014782261286456322,0.006392329204954139,-0.031162604874151012,-0.007590890930882943,-0.17022844385974056
2014-05-19,24.54,0.01548492257538725,0.024042379788101087,-0.009779951100244433,0.01996740016299925,0.8773229152191215
2014-05-20,24.49,0.002858309514087498,0.015108207431604681,-0.002449979583503459,0.0020416496529196415,-0.27118632363739315
2014-05-21,24.56,-0.002442996742671011,0.002442996742671122,-0.012214983713354943,-0.002850162866449568,0.1537550425312113
2014-05-22,24.63,-0.007714169711733554,0.00812017864393022,-0.00893219650832311,-0.002842062525375555,-0.1216968611287994
2014-05-26,24.63,0.002842062525375555,0.01299228583028822,-0.011774259033698664,0.0,0.6223208609572246
2014-05-27,25.37,-0.03389830508474578,0.014584154513204384,-0.03389830508474578,-0.02916830902640921,0.2589995235826583
2014-05-28,25.35,0.001972386587770991,0.009072978303747314,-0.009467455621301801,0.0007889546351085297,-0.2754873805710498
2014-05-29,25.14,0.011933174224343812,0.011933174224343812,-0.00835322195704058,0.00835322195704058,1.5046425175067002
2014-06-01,25.51,-0.008232065856526916,0.01842414739317899,-0.011760094080752626,-0.014504116032928338,-0.5528210124252897
2014-06-02,25.77,0.008925106713232545,0.008925106713232545,-0.013193636010865317,-0.01008925106713221,-0.49649034699431216
2014-06-03,25.95,-0.008477842003853486,0.0007707129094411957,-0.019267822736030782,-0.006936416184971095,3.2848706763530817
2014-06-04,26.19,-0.010691103474608665,0.0,-0.017945780832378855,-0.009163802978236046,-0.3664332708008561
2014-06-05,26.0,0.007307692307692459,0.013076923076922986,-0.008846153846153837,0.007307692307692459,-0.07865524124835677
2014-06-08,25.82,0.004647560030983877,0.00968241673121617,-0.0023237800154918276,0.006971340046475483,-0.8158858616046858
2014-06-09,25.88,-0.006568778979907153,0.0019319938176198814,-0.013137557959814528,-0.0023183925811436357,16.335788655788654
2014-06-10,25.69,0.0003892565200467324,0.011677695601401306,-0.004281821720513945,0.007395873880887471,-0.864197244269799
2014-06-11,25.08,0.021531100478469067,0.029106858054226414,0.0,0.02432216905901119,1.2617119073643615
2014-06-12,25.38,-0.007486209613869144,0.004334121355398013,-0.01694247438928287,-0.011820330969267157,-0.19082875659475196
2014-06-15,25.89,-0.017381228273464666,0.004248744689069106,-0.022170722286597222,-0.01969872537659334,-0.3322380976943312
2014-06-16,25.74,0.009324009324009452,0.010489510489510634,-0.0038850038850037905,0.005827505827505908,0.6975465387107507
2014-06-17,25.88,-0.006568778979907153,0.004636785162287493,-0.008346213292117377,-0.005409582689335446,-0.48777244297731204
2014-06-18,25.74,0.00543900543900544,0.018648018648018683,-0.0034965034965035446,0.00543900543900544,0.3562879624306905
2014-06-19,25.39,0.00827097282394651,0.01772351319417087,-0.009058684521465188,0.013784954706577368,-0.19320214669051883
2014-06-22,25.2,0.003968253968253954,0.016269841269841212,-0.00436507936507935,0.007539682539682513,0.7072599531615924
2014-06-23,25.77,-0.01940240589833142,0.01396973224679865,-0.027551416375630633,-0.02211874272409775,-0.5270418343468448
2014-06-24,27.25,-0.05504587155963303,0.012844036697247763,-0.05504587155963303,-0.05431192660550466,-0.7814690749995886
2014-06-25,27.01,0.009255831173639484,0.0162902628656052,-0.010366530914476146,0.008885597926693745,0.9684005966332836
2014-06-26,27.65,-0.027848101265822822,0.004701627486437765,-0.03345388788426751,-0.023146473779385057,0.675004211602322
2014-06-29,27.25,0.011743119266055091,0.032293577981651334,-0.0018348623853211565,0.014678899082568808,0.3441397322259556
2014-06-30,27.71,-0.015156983038614236,0.004330566582461115,-0.01768314687838335,-0.016600505232768015,0.06225182032402987
2014-07-01,27.85,-0.0032315978456014527,0.0053859964093356805,-0.011849192100538697,-0.0050269299820466795,1.7473790322580647
2014-07-02,28.18,-0.004968062455642297,0.01419446415897796,-0.009936124911284594,-0.011710432931156811,0.7879780107543033
2014-07-06,27.43,0.02734232592052499,0.03244622675902309,-0.001093693036821053,0.02734232592052499,-0.5524007583465178
2014-07-07,27.4,0.0021897810218978186,0.0021897810218978186,-0.016058394160583855,0.0010948905109489093,1.206392215420824
2014-07-08,27.85,-0.016157989228007263,0.0,-0.02585278276481162,-0.016157989228007263,0.19768571157854842
2014-07-09,27.77,-0.011163125675188956,0.006481814908174233,-0.012603528988116564,0.0028808066258552145,1.6565980743817255
2014-07-10,28.0,-0.005714285714285672,0.006785714285714395,-0.010357142857142843,-0.00821428571428573,-0.41705796038151133
2014-07-13,27.8,0.012230215827338187,0.013309352517985706,-0.010791366906474864,0.007194244604316502,-0.5519211012944318
2014-07-14,28.1,-0.014234875444839923,0.000711743772241924,-0.020996441281138756,-0.01067615658362997,-0.10588970128963515
2014-07-15,28.11,0.007114905727499066,0.007114905727499066,-0.009605122732123772,-0.00035574528637483116,0.5458407642588574
2014-07-16,27.88,0.0057388809182210565,0.012912482065997155,-0.00430416068866557,0.008249641319942658,1.5381443893437896
2014-07-17,27.85,0.0043087971274684556,0.0043087971274684556,-0.009335727109515357,0.0010771992818670029,-0.5032084335968832
2014-07-20,27.65,0.007233273056058032,0.007233273056058032,-0.006867992766726894,0.007233273056058032,3.3337057728119177
2014-07-21,27.99,-0.005716327259735587,0.0035727045373348254,-0.012504465880671556,-0.012147195426938207,-0.8395961526972937
2014-07-22,27.74,0.012256669069935056,0.012256669069935056,-0.0007209805335255393,0.009012256669070018,1.915440215971436
2014-07-23,27.4,0.013503649635036474,0.013503649635036474,-0.005109489051094762,0.012408759124087565,-0.6222365997017283
2014-07-24,27.08,0.007016248153618898,0.007577548005908374,-0.008862629246676468,0.011816838995568624,-0.1670366006266042
2014-07-27,26.61,0.018414130026305875,0.018414130026305875,-0.002630590003757982,0.01766253288237496,0.460070416900056
2014-07-28,26.4,0.010984848484848486,0.010984848484848486,-0.004166666666666652,0.007954545454545547,-0.5817767043901677
2014-07-29,26.13,0.00995024875621886,0.01722158438576349,-0.0011481056257174327,0.010332950631458004,-0.32429692387707565
2014-07-30,25.81,0.008136381247578539,0.009298721425804013,-0.01162340178225485,0.012398295234405277,1.5941924129839657
2014-07-31,25.81,-0.0015497869043006318,0.005811700891127591,-0.00774893452150327,0.0,-0.5662002655051172
2014-08-03,26.09,-0.012648524338827016,0.0030663089306248725,-0.01571483326945189,-0.01073208125718672,-0.2726793183865356
2014-08-04,25.58,0.013682564503518346,0.024237685691946842,-0.005863956215793498,0.01993745113369827,0.008207555678577227
2014-08-05,25.23,0.004359889021006813,0.015457788347205792,-0.00911613158937774,0.013872374157748668,-0.07456006539296223
2014-08-06,24.79,0.022589753933037526,0.023396530859217446,-0.0016135538523598392,0.01774909237595801,0.11914317925591877
2014-08-07,24.72,0.004854368932038833,0.004854368932038833,-0.004854368932038722,0.0028317152103560783,1.6734122712594188
2014-08-10,23.81,0.042839143217135556,0.04955900881982367,-0.002099958000839841,0.03821923561528773,-0.7373153572963558
2014-08-11,22.7,0.03920704845814971,0.046696035242290934,-0.003083700440528636,0.048898678414096786,-0.3036491199329593
2014-08-12,21.4,0.05841121495327095,0.06261682242990663,-0.0018691588785045843,0.06074766355140193,-0.2689575438075267
2014-08-13,21.98,-0.02638762511373982,0.008644222020018244,-0.02638762511373982,-0.02638762511373982,-0.29642826760648966
2014-08-14,22.41,-0.01651048639000452,0.01651048639000452,-0.01651048639000452,-0.019187862561356517,0.5117137839049375
2014-08-17,23.23,-0.03056392595781321,0.0034438226431336982,-0.0370210934136892,-0.03529918209212224,0.4813173893875151
2014-08-18,23.4,-0.004700854700854684,0.00811965811965809,-0.01623931623931618,-0.007264957264957239,0.12345829995658475
2014-08-19,24.03,-0.019975031210986316,0.020183104452767386,-0.02392842280482743,-0.02621722846441954,-0.6594944167636594
2014-08-20,24.02,-0.0008326394671107629,0.009991673605328932,-0.007077435470441262,0.00041631973355538143,1.6707823659493695
2014-08-21,23.85,-0.0037735849056603765,0.01048218029350112,-0.010062893081761115,0.007127882599580637,0.15685854039298275
2014-08-24,23.55,0.01571125265392781,0.01847133757961772,-0.005095541401273884,0.01273885350318471,-0.18367707760766594
2014-08-25,22.96,0.016114982578397052,0.020470383275261295,-0.005662020905923493,0.025696864111498297,0.442836684540332
2014-08-26,22.7,0.008810572687224738,0.022466960352423015,-0.005286343612334821,0.011453744493392204,-0.3899279489170765
2014-08-27,23.01,-0.007822685788787642,0.0008691873098651826,-0.021729682746631895,-0.013472403302911884,2.6827846851396826
2014-08-28,23.32,-0.008147512864494,0.0,-0.01586620926243576,-0.013293310463121766,0.43782279844322414
2014-09-01,23.42,-0.004696840307429673,0.005550811272416745,-0.008539709649872052,-0.004269854824936026,-0.6113369696200925
2014-09-02,23.7,-0.01223628691983114,0.008860759493670933,-0.01940928270042197,-0.01181434599156106,-0.4555791312814971
2014-09-03,23.63,0.002539145154464739,0.013965298349555733,-0.0059246720270842435,0.0029623360135420107,1.8888827930174563
2014-09-04,23.68,-0.0033783783783782884,0.005912162162162282,-0.007601351351351315,-0.0021114864864865135,-0.5623942816609374
2014-09-07,23.58,0.006785411365564098,0.012298558100084955,-0.00466497031382529,0.004240882103477617,1.2810550579754159
2014-09-08,23.55,0.003821656050955413,0.007643312101910826,-0.001698513800424628,0.001273885350318471,-0.01573946577940244
2014-09-09,23.25,0.011182795698924775,0.014193548387096744,0.0,0.012903225806451646,-0.13227627964725197
2014-09-10,23.45,-0.008528784648187626,0.0012793176972281106,-0.008528784648187626,-0.008528784648187626,0.0535411907001746
2014-09-11,23.37,0.001711596063328935,0.0034231921266580922,-0.005134788189987249,0.0034231921266580922,0.7672205641362604
2014-09-14,23.42,-0.002134927412468013,0.005123825789923098,-0.013663535439795038,-0.002134927412468013,0.0774499518070233
2014-09-15,23.31,0.004719004719004882,0.007293007293007303,-0.002574002574002532,0.004719004719004882,-0.6164037091085183
2014-09-16,23.54,-0.008496176720475757,0.002548853016142827,-0.008496176720475757,-0.00977060322854717,-0.033168728706055806
2014-09-17,23.7,-0.0021097046413502962,0.0037974683544304,-0.009493670886075889,-0.006751054852320637,-0.04055858732403772
2014-09-18,23.44,0.015784982935153513,0.015784982935153513,-0.005972696245733822,0.011092150170648463,-0.3801415157347361
2014-09-21,23.0,0.021739130434782705,0.021739130434782705,-0.0013043478260870156,0.019130434782608674,1.0920898818028317
2014-09-22,22.85,0.0013129102844637863,0.00919037199124717,-0.017067833698030666,0.006564551422319376,-0.33901440256415594
2014-09-23,22.7,0.012334801762114544,0.018502202643171817,-0.0017621145374449032,0.006607929515418665,0.07837806749541998
2014-09-24,22.31,0.01120573733751673,0.0192738682205289,-0.005826983415508691,0.017480950246526294,-0.0709581064632242
2014-09-25,22.26,0.006738544474393482,0.013926325247079818,-0.011455525606469119,0.002246181491464272,0.699827652664738
2014-09-28,22.34,-0.015219337511190645,0.007609668755595322,-0.015219337511190645,-0.003581020590868289,-0.07825032262280085
2014-09-29,22.2,0.002702702702702897,0.003603603603603789,-0.0108108108108107,0.006306306306306242,-0.05842815010209068
2014-09-30,21.93,0.011855905152758917,0.015275877792977788,-0.001367989056087593,0.012311901504787892,1.6174339258036596
2014-10-01,22.23,-0.012145748987854255,0.005847953216374213,-0.015744489428699993,-0.013495276653171406,0.0764447140907023
2014-10-02,23.35,-0.0423982869379016,0.011991434689507363,-0.0423982869379016,-0.04796573875803001,-0.6395804698238161
2014-10-05,23.05,0.017353579175704903,0.02386117136659438,-0.0013015184381779399,0.013015184381778733,1.1950834847601741
2014-10-06,22.71,0.013650374284456035,0.016732716864817254,-0.0008806693086745865,0.014971378247468081,0.03889581478183435
2014-10-07,22.72,-0.004401408450704136,0.004401408450704247,-0.012323943661971759,-0.0004401408450703803,0.6178991802452061
2014-10-08,22.5,0.005333333333333412,0.005333333333333412,-0.003555555555555534,0.009777777777777663,0.041394106703474653
2014-10-09,22.09,0.015844273426889988,0.02127659574468077,-0.0009053870529651675,0.01856043458578549,-0.14977102547421328
2014-10-12,22.08,0.004528985507246341,0.011775362318840576,-0.009057971014492683,0.00045289855072461194,-0.21596807584986044
2014-10-13,22.63,-0.016791869200176723,0.0,-0.020768890852850164,-0.024304021210782234,0.43272482375193433
2014-10-14,22.79,-0.0175515577007459,0.0026107942079860447,-0.023255813953488302,-0.007020623080298383,0.21609423737083322
2014-10-15,23.1,-0.03376623376623378,0.003030303030302939,-0.03376623376623378,-0.013419913419913554,-0.4305489402238628
2014-10-16,23.15,0.00950323974082079,0.013822894168466604,-0.001295896328293633,-0.002159827213822796,-0.64901575625862
2014-10-19,23.12,-0.0017301038062285112,0.016435986159169413,-0.0017301038062285112,0.0012975778546711059,4.528206707997998
2014-10-20,23.56,-0.010611205432937143,0.005942275042444933,-0.010611205432937143,-0.018675721561969394,-0.8383383757267895
2014-10-21,22.76,0.03734622144112465,0.041739894551845236,0.0,0.03514938488576447,-0.18346163914593827
2014-10-22,23.35,-0.011563169164882314,0.008565310492505418,-0.017773019271948742,-0.02526766595289076,1.4943641435273234
2014-10-23,23.18,0.002157031924072461,0.010353753235547991,-0.0051768766177739955,0.007333908541846457,-0.4451518498455824
2014-10-26,23.17,0.0017263703064307467,0.0060422960725075026,-0.009926629261976738,0.0004315925766076312,0.5297289153385061
2014-10-27,23.22,-0.003875968992248069,0.010335917312661591,-0.0051679586563306845,-0.0021533161068043594,0.43846993351238805
2014-10-28,23.3,0.007296137339055653,0.010729613733905685,0.0,-0.0034334763948498104,0.20984567554406852
2014-10-29,23.75,-0.01431578947368417,0.0016842105263157325,-0.0408421052631579,-0.0189473684210526,-0.7369948033396547
2014-10-30,23.93,-0.02256581696615123,0.00501462599247815,-0.02256581696615123,-0.007521938988717114,6.242517213085512
2014-11-02,23.83,0.014267729752412972,0.022240872849349502,0.0,0.004196391103650887,0.06803071002648076
2014-11-03,23.5,0.01276595744680864,0.01276595744680864,-0.01021276595744669,0.014042553191489393,0.08112951062778051
2014-11-04,23.25,0.018494623655914033,0.018494623655914033,-0.004382795698924746,0.010752688172043001,-0.8527250059908575
2014-11-05,23.48,-0.017035775127768438,0.01405451448040873,-0.035349233390119306,-0.009795570698466816,1.8967374590315185
2014-11-06,23.81,-0.0121797564048719,0.0029399412011759107,-0.01679966400671984,-0.013859722805543817,0.1097708434909801
2014-11-09,23.59,-0.003391267486222871,0.011869436201780381,-0.004662992793556531,0.009325985587113061,-0.5128312320072969
2014-11-10,23.83,-0.008812421317666685,0.004196391103650887,-0.013008812421317573,-0.010071338648761974,0.05798507275148901
2014-11-11,23.65,0.012262156448203054,0.013953488372093092,-0.0002114164904861715,0.007610993657505283,-0.2823417808268588
2014-11-12,23.71,0.005061155630535552,0.010544074230282474,-0.005061155630535663,-0.002530577815267887,1.3699138343705122
2014-11-13,24.04,-0.014143094841930104,0.009983361064891838,-0.01830282861896826,-0.013727121464226166,-0.16594895194638526
2014-11-16,23.76,0.007996632996633002,0.02020202020202011,0.0,0.011784511784511675,-0.3884856015521113
2014-11-17,23.89,0.0020929259104227604,0.019673503557974037,0.0,-0.005441607367099199,2.4950324566482798
2014-11-18,23.63,0.008040626322471489,0.01650444350402025,-0.0004231908590773825,0.0110029623360135,-0.5249312291877806
2014-11-19,23.84,-0.012583892617449743,0.007126677852348884,-0.015520134228187987,-0.008808724832214843,0.020191128901230426
2014-11-20,23.8,0.0021008403361344463,0.018487394957983128,-0.0025210084033614466,0.001680672268907557,-0.20298308915716545
2014-11-23,23.89,0.008790288823775638,0.010883214734198399,-0.004185851820845632,-0.0037672666387610354,-0.6577779568322137
2014-11-24,24.14,-0.0041425020712511085,0.00787075393537684,-0.013670256835128458,-0.01035625517812755,0.4170132357516576
2014-11-25,24.41,-0.013519049569848507,0.009832036050798854,-0.02498975829578043,-0.011061040557148738,-0.18840448771854235
2014-11-27,24.13,0.011189390799834165,0.021135515955242434,0.0,0.011603812681309611,6.4977333124902295
2014-11-30,23.86,0.014249790444258226,0.014249790444258226,-0.003352891869237151,0.011316010058675552,0.0424225964149918
2014-12-01,24.05,-0.006237006237006293,0.012058212058212003,-0.012889812889812946,-0.007900207900207956,-0.6390290449922877
2014-12-02,24.08,0.0029069767441860517,0.013704318936877069,-0.004568106312292319,-0.001245847176079673,0.1342283371757711
2014-12-03,24.09,-0.0016604400166043698,0.00581154005811535,-0.012038190120381875,-0.0004151100041511757,1.8579872881355932
2014-12-04,24.31,-0.01234060057589459,0.00452488687782826,-0.016454134101192897,-0.009049773755656076,-0.7577673540189065
2014-12-07,23.96,-0.0012520868113522488,0.013772954924874625,-0.01878130217028373,0.014607679465776124,-0.07739583333333333
2014-12-08,24.16,-0.019039735099337762,0.004966887417218624,-0.03559602649006621,-0.008278145695364225,-0.08633921387103194
2014-12-09,23.75,0.010526315789473717,0.014724210526315673,-0.0020210526315789235,0.01726315789473687,0.6771604983058472
2014-12-10,23.38,0.007271171941830801,0.021599657827202856,-0.00042771599657820403,0.015825491873396214,-0.24627449264742074
2014-12-11,23.82,-0.032745591939546626,0.00881612090680095,-0.03736356003358521,-0.018471872376154552,-0.3230704875006015
2014-12-14,24.4,0.04303278688524603,0.061475409836065475,-0.007377049180327888,-0.023770491803278615,-0.39189091842293644
2014-12-15,24.93,-0.04051343762535087,0.00040112314480555966,-0.08102687525070196,-0.021259526674689222,1.8130909183020814
2014-12-16,25.79,-0.02908103916246607,0.02596742923613804,-0.041876696393951085,-0.03334625823962778,-0.5761131288402844
2014-12-17,25.65,0.019883040935672502,0.024561403508772006,-0.007407407407407307,0.005458089668616051,2.0206522444213806
2014-12-18,25.0,0.026800000000000157,0.028799999999999937,-0.05120000000000002,0.026000000000000023,-0.798340983081167
2018-10-30,165.47,-0.02254185048649293,0.0007856409016739896,-0.025140508853568555,-0.8489152112165347,-0.9660847995637147
2018-10-31,162.0,0.01641975308641963,0.021481481481481435,-0.00037037037037035425,0.021419753086419746,0.5784760589882831
2018-11-01,159.84,0.005130130130130084,0.012324824824824887,-0.027527527527527518,0.013513513513513598,0.6712647132100806
2018-11-04,161.99,-0.026791777270201877,0.0012346441138342268,-0.028026421384036215,-0.01327242422371755,0.526566355253731
2018-11-05,165.53,-0.022352443665800692,0.004953784812420592,-0.023319035824321932,-0.021385851507279563,0.7833781800975954
2018-11-06,166.85,-0.013844770752172608,0.0,-0.015702727000299732,-0.007911297572670062,-0.6707829743545364
2018-11-07,165.3,-0.00483968542044777,0.005142165759225659,-0.014337568058076289,0.009376890502117208,0.9016281727900806
2018-11-08,161.52,0.009101040118870696,0.014982664685487812,-0.006005448241703792,0.02340267459138179,0.23417486627362716
2018-11-11,159.22,0.005275719130762413,0.019344303479462477,-0.0019469915839718244,0.014445421429468697,0.6320765425278119
2018-11-12,156.93,0.020964761358567507,0.021665710826483275,-0.0025489071560568233,0.014592493468425394,-0.20586583577829576
2018-11-13,153.36,0.031494522691705606,0.03182055294731345,-0.0023474178403756207,0.0232785602503911,0.07183466906752534
2018-11-14,155.18,0.0058641577522875465,0.007217424925892502,-0.016883619023070007,-0.011728315504575315,-0.152316544040773
2018-11-15,158.08,-0.0274544534412956,0.002388031376518107,-0.0296052631578948,-0.01834514170040491,0.011900889724802521
2018-11-18,159.5,-0.005579937304075133,0.012225705329153458,-0.006645768025078436,-0.008902821316614351,0.10633461491806817
2018-11-19,157.87,-0.002407043770190631,0.014695635649585093,-0.003990625197947684,0.010324950908975783,0.14528725143177335
2018-11-20,159.06,0.0011316484345529343,0.013705519929586352,-0.0031950207468880443,-0.007481453539544769,0.039149917847215665
2018-11-22,156.19,0.004289647224534399,0.011652474550227332,-0.0010884179524937032,0.018375056021512348,1.1490572185144603
2018-11-25,157.32,-0.0017798118484617653,0.005720823798627039,-0.0027968471904398218,-0.007182812102720537,-0.6401919734776432
2018-11-26,152.55,0.0203867584398556,0.02687643395607986,-0.006751884627990812,0.03126843657817102,0.060246748794875016
2018-11-27,156.29,-0.01765947917333155,0.001215688783671398,-0.02936848166869288,-0.023929873952268088,0.39663144719733223
2018-11-28,159.31,-0.02385286548239285,0.003326847027807389,-0.024857196660598935,-0.018956750988638582,-0.37655770272710853
2018-11-29,159.05,-0.01276328198679666,0.009808236403646697,-0.013266268469035003,0.0016347060672743385,-0.26442184342013064
2018-12-02,164.35,-0.012473379981746135,0.0004259202920595673,-0.026954669911773643,-0.032248250684514645,0.24124115178059502
2018-12-03,160.83,0.019399365789964484,0.021513399241434916,-0.002362743269290757,0.02188646396816507,0.15715238723641645
2018-12-05,155.98,0.016348249775612222,0.019489678163867374,-0.01910501346326443,0.0310937299653804,-0.42616424161386846
2018-12-06,152.72,0.022917757988475618,0.03797799895233123,-0.002357255107385936,0.02134625458355144,0.8999179000842437
2018-12-09,156.91,-0.0056083104964629316,0.004046905869606654,-0.01784462430692746,-0.02670320565929507,-0.008561252254851492
2018-12-10,157.46,0.02349803124603067,0.03175409627841996,-0.005144163597104012,-0.003492950590626265,-0.004875287887571078
2018-12-11,160.55,0.006851448146994565,0.009903456867019544,-0.006789162254749348,-0.019246340703830578,0.06255386995963419
2018-12-12,158.09,0.014611929913340482,0.020304889619836786,-0.004997153520146735,0.015560756531090014,-0.022028581557483662
2018-12-13,156.93,0.00286752055056394,0.009813292550818753,-0.005607595743325033,0.007391830752564887,0.04063162201621462
2018-12-16,157.33,-0.000889849361215389,0.013411301086887262,-0.011059556346532773,-0.0025424267463294292,-0.2501880112349416
2018-12-17,157.61,0.005139267812955817,0.008121312099485856,-0.00621787957616915,-0.0017765370217626142,0.4665687323388683
2018-12-18,155.83,0.010075081819931997,0.01713405634345122,-0.003978694731438082,0.011422704228967406,-0.18020714210712208
2018-12-19,154.05,0.0027913015254785734,0.015254787406686177,-0.010451152223304172,0.011554690035702642,-0.22956118692836147
2018-12-20,153.11,0.018940630918947043,0.028541571419240963,-0.0005225001632813697,0.006139376918555373,-0.3765302783644848
2018-12-23,148.13,0.03085127928171194,0.03564436643488822,0.0,0.033619118341996934,1.6126209270309682
2018-12-25,152.74,-0.026122823098075232,0.00019641220374500001,-0.04445462878093509,-0.030182008642137048,-0.19474556664179143
2018-12-26,156.41,-0.027875455533533544,0.0,-0.03714596253436486,-0.023463972891758722,-0.09613703160274423
2018-12-27,156.31,0.005054059241251352,0.014394472522551327,-0.008124880046062377,0.0006397543343354961,0.8075622236805857
2018-12-30,156.04,0.0012176365034606285,0.006152268649064485,-0.013458087669828256,0.0017303255575493726,-0.1444979931808057
2019-01-01,157.2,-0.023346055979643676,0.006106870229007688,-0.023409669211195805,-0.007379134860050818,0.08011858027557284
2019-01-02,152.29,0.01162256221682334,0.013526823822969325,-0.002363910959353732,0.03224111891785397,-0.03338309132853845
2019-01-03,156.63,-0.017876524292919527,0.006320628232139525,-0.020877226584945285,-0.027708612654025466,-0.014290035661259637
2019-01-06,156.49,-0.004537031120199431,0.009904786248322361,-0.008562847466291768,0.0008946258546871366,-0.015581425336795296
2019-01-07,158.15,-0.013025608599430916,0.002592475497944946,-0.018653177363262885,-0.010496364211191933,-0.17092433145232933
2019-01-08,158.46,-0.010917581724094516,0.0067524927426478865,-0.013441878076486113,-0.001956329673103663,0.051050617820032285
2019-01-09,161.85,-0.019462465245597804,0.0008032128514054993,-0.0216249613839975,-0.0209453197405004,0.002768215651542949
2019-01-10,160.21,0.0021846326696211005,0.003432994195118777,-0.0052431184070906856,0.010236564509081836,0.5170966636751941
2019-01-13,158.02,0.002214909505125817,0.009365903050246649,-0.0020250601189724105,0.013859005189216456,-0.31150388459760414
2019-01-14,157.23,-0.002480442663613691,0.004070470012084382,-0.004388475481778231,0.005024486421166596,-0.05002733527064762
2019-01-15,157.24,0.0018443144238107223,0.007504451793436617,-0.0010175527855507127,-6.359704909708608e-05,0.5268379624472506
2019-01-16,157.26,-0.0054686506422484404,0.0024799694772987824,-0.006676840900419534,-0.00012717792191263566,-0.3649154028739733
2019-01-17,160.79,-0.012625163256421379,0.004104732881398121,-0.017289632439828395,-0.0219541016232353,-0.12760119956252758
2019-01-21,160.84,0.004787366326784337,0.005844317333996596,-0.00714996269584689,-0.00031086794329771017,0.4681579030980705
2019-01-22,158.93,0.010319008368464111,0.013590889070659973,-0.009249355061976994,0.012017869502296552,0.08276707410149209
2019-01-23,157.37,0.001525068310351374,0.003431403698290536,-0.005973184215542937,0.009912944017284042,-0.3791533603823034
2019-01-24,158.84,-0.0009443465122135342,0.007995467136741485,-0.001259128682951527,-0.00925459581969279,1.033071076357952
2019-01-27,158.21,-0.0027179065798622615,0.0011377283357560941,-0.00840654825864362,0.0039820491751469955,-0.12614610563004192
2019-01-28,161.22,-0.010234462225530372,0.004838109415705283,-0.011599057188934392,-0.0186701401811189,-0.08697325873838735
2019-01-29,162.92,-0.006935919469678309,0.005094524920206345,-0.010802848023569789,-0.010434569113675352,0.3993517861792195
2019-01-30,163.01,-0.011226305134654169,0.0025151831176000172,-0.020734924237776786,-0.0005521133672781176,-0.32354161188076236
2019-01-31,165.76,-0.011160714285714302,0.0008445945945947386,-0.01387548262548255,-0.01659025096525102,0.24273913256776702
2019-02-03,163.5,0.012110091743119167,0.013394495412843987,-0.0017125382262996869,0.013822629969418854,-0.37114245140271906
2019-02-04,164.99,0.001636462815928219,0.006060973392326918,-0.007212558336868846,-0.009030850354566966,-0.10689080574514287
2019-02-05,163.42,0.0032431770897074497,0.007343042467262473,-0.0023252967812996683,0.009607147228001711,1.0969799597327965
2019-02-06,160.69,0.006596552367913455,0.009645902047420662,-0.007838695625116743,0.016989233928682568,-0.1735732378142667
2019-02-07,161.22,-0.0071331100359757205,0.0024190547078526414,-0.0132675846669148,-0.003287433320927957,-0.1263543374095557
2019-02-10,161.35,-0.0017973349860551657,0.0016733808490858593,-0.004462348930895588,-0.000805701890300603,0.3804956750478212
2019-02-11,167.53,-0.02029487256013851,0.00011938160329494352,-0.02172745179967772,-0.036888915418134105,-0.36308452983678197
2019-02-12,167.38,-0.0017325845381765959,0.0066316166806070775,-0.0035249133707730973,0.0008961644162983617,0.10787978361400619
2019-02-13,166.5,0.0009009009009008917,0.006606606606606613,-0.0034234234234233885,0.005285285285285157,0.44839585678207894
2019-02-14,168.54,0.011866619200189943,0.012875281832206209,-0.004568648392072938,-0.01210395158419364,-0.5709234269586961
2019-02-18,167.86,0.0008340283569641116,0.005480757774335654,-0.0017872036220660803,0.004050994876682923,0.15867753043335764
2019-02-19,170.3,-0.015913094539048767,0.004139753376394495,-0.015913094539048767,-0.014327657075748679,-0.1373117785134289
2019-02-20,171.4,-0.002450408401400317,0.0052508751458577585,-0.005017502917152972,-0.0064177362893815815,0.4824172186383642
2019-02-21,173.5,-0.00726224783861662,0.0013832853025936842,-0.011239193083573462,-0.012103746397694515,0.6145105220107079
2019-02-24,174.62,-0.004180506242125848,0.002233421143053471,-0.007043866681938016,-0.006413927385179319,-0.29555201969604705
2019-02-25,173.91,-0.0006900120752113548,0.005635098614225731,-0.0026450462883100823,0.004082571445000349,-0.12196914033798678
2019-02-26,174.5,-0.006303724928366727,0.003553008595988505,-0.010716332378223559,-0.0033810888252149285,0.19796601204193598
2019-02-27,173.24,0.009062572154236781,0.009755252828446137,-0.0008081274532441007,0.0072731470791964625,-0.14516759572609117
2019-02-28,168.38,0.047392801995486566,0.049590212614324614,-0.0030882527616105104,0.028863285425822616,-0.4401182465284531
2019-03-03,168.7,-0.0020746887966804906,0.0012448132780082943,-0.015589804386484829,-0.0018968583283935914,0.745236165276286
2019-03-04,168.44,-0.0005343148895748939,0.008905248159582158,-0.0005639990501068448,0.00154357634766078,0.44140201965925496
2019-03-05,169.13,-0.0017146573641576568,0.003251936380299192,-0.005439602672500321,-0.004079702004375352,0.22168496743547128
2019-03-06,167.47,0.01128560339165241,0.01128560339165241,-0.0038812921717322757,0.009912223084731497,-0.31934090772749557
2019-03-07,169.46,-0.004189779298949703,0.0003540658562493082,-0.010031865927062511,-0.011743184232267279,-0.06949003554608801
2019-03-10,171.28,-0.010509107893507785,0.00017515179822513716,-0.010888603456328916,-0.010625875758991099,0.31083978223039743
2019-03-11,172.32,-0.0031337047353759973,0.0033658310120705526,-0.0053963556174558835,-0.00603528319405755,-0.0919371591794339
2019-03-12,174.39,-0.0021790240266069683,0.006422386604736596,-0.004300705315671727,-0.011869946671254072,-0.14903877399815424
2019-03-13,174.21,0.00022960794443482868,0.001320245680500376,-0.005969806555306878,0.001033235749956729,0.48895856316166375
2019-03-14,176.43,-0.0008501955449753407,0.003004024258912885,-0.011335940599671246,-0.012582894065635064,-0.7177822730300432
2019-03-17,174.55,0.0011458034947005036,0.002291606989401229,-0.006416499570323753,0.010770552850186244,1.9997665163086311
2019-03-18,173.58,0.010197027307293327,0.012731881553174285,-0.005530591081921887,0.005588201405691828,-0.024776815317971268
2019-03-19,176.63,-0.007246787069014382,0.001358772575440259,-0.012851723942704951,-0.01726773481288557,-0.1854975890050823
2019-03-20,175.1,-0.004340376927469913,0.0041690462592804955,-0.0079954311821816,0.008737864077669855,0.34032901387419456
2019-03-21,169.86,0.013187330742964631,0.017072883551159546,-0.00394442482044044,0.030848934416578322,-0.17165460712879443
2019-03-24,170.0,0.005705882352941227,0.011294117647058677,-0.002588235294117669,-0.0008235294117646674,0.02520980393609218
2019-03-25,170.98,-0.0005263773540765682,0.0018715639256055017,-0.007544742075096478,-0.005731664522166224,-0.041342959171138394
2019-03-26,169.48,-0.00011800802454553505,0.0033632286995517457,-0.0046613169695538526,0.00885060184092512,-0.22690078062384034
2019-03-27,173.7,-0.015774323546344116,0.0008635578583764403,-0.01709844559585494,-0.024294761082325866,-0.03765396390185405
2019-03-28,175.93,-0.003296765759108755,0.0009662934121525968,-0.011652361734780903,-0.012675495935883685,-0.1229532123099163
2019-03-31,176.58,0.0014724204326650447,0.009060482500849343,-0.0032846301959452706,-0.003681051081662723,0.2043135793155324
2019-04-01,178.02,-0.003875968992248069,0.0008987754184923702,-0.007471070666217328,-0.008088978766430777,0.5189338269570773
2019-04-02,182.74,-0.00870088650541756,0.009795337638174306,-0.011546459450585633,-0.02582904673306341,-0.5042188915576786
2019-04-03,183.9,-0.0017944535073409762,0.0007612833061445556,-0.008047852093529206,-0.006307775965198492,0.6171521532609123
2019-04-04,184.62,-0.0001624959376015367,0.004387390315242046,-0.003466580002166708,-0.0038999025024374356,0.04847212316776961
2019-04-07,184.84,0.005734689461155629,0.005842891149101748,-0.0037329582341484313,-0.00119021856740964,0.23257592789045867
2019-04-08,182.9,0.011755057408419978,0.011755057408419978,-0.0008201202843084454,0.010606889010388088,-0.17988591841438117
2019-04-09,181.02,0.013092475969505912,0.014197326262291421,-0.0066291017567120525,0.010385592752182093,-0.43184775510137274
2019-04-10,179.85,0.010175145954962606,0.010897970530998169,-0.00044481512371408183,0.0065054211843202925,0.2749352581639404
2019-04-11,180.35,0.002495148322706031,0.00432492375935678,-0.001164402550596133,-0.002772387025228751,0.0011432869106966503
2019-04-14,180.14,0.0,0.0016098589985567013,-0.005551237926057495,0.0011657599644721017,0.3220664687697872
2019-04-15,180.62,-0.002989702137083383,0.0003321891263425858,-0.010076403499058806,-0.0026575130107409084,-0.17246563389794478
2019-04-16,179.91,0.004057584347729293,0.01083875270968826,-0.002834750708687661,0.003946417653271084,0.0520281285767874
2019-04-17,180.4,-0.0015521064301552423,0.002134146341463472,-0.004046563192904751,-0.0027161862527717018,0.07495733460333298
2019-04-21,178.9,0.005310229178311809,0.01062045835662384,-0.00039128004471766786,0.008384572386808342,0.5440236825721172
2019-04-22,179.33,-0.0037918920426031066,0.0021747616126692737,-0.0043495232253387694,-0.002397814085763672,-0.4421423387078819
2019-04-23,177.62,0.00782569530458277,0.01064069361558384,-0.0006192996284203334,0.009627294223623517,0.009091062271473715
2019-04-24,176.28,-0.0003403675970047315,0.0026662128432040078,-0.007714998865441469,0.007601542999773114,-0.20163991984248308
2019-04-25,178.26,-0.015819589363850528,0.0,-0.016212274206215516,-0.011107371255469456,0.5024803188066982
2019-04-28,177.1,-0.0017504234895538984,0.006549971767363161,-0.003444381705251187,0.006549971767363161,0.24155482411198625
2019-04-29,180.26,-0.01325862642849207,0.0016642627316099112,-0.01592144679906804,-0.017530234106290843,-0.1486983791512797
2019-04-30,178.29,0.008974143249761646,0.01629367883784849,-0.0015704750687083324,0.011049413876268899,0.3788896231222636
2019-05-01,180.49,-0.014183611280403352,0.0,-0.0178403235636323,-0.012189040944096674,-0.39785605498034726
2019-05-02,180.96,-0.007073386383731228,0.002818302387267879,-0.009504862953138793,-0.0025972590627763026,0.3539934516518968
2019-05-05,178.63,-0.004478531041818168,0.003918714661591105,-0.004590494317863736,0.013043721659295793,-0.11235842480339886
2019-05-06,174.57,0.011514005842928388,0.013175230566534912,-0.009509079452368674,0.023257146130492012,-0.31345027470945974
2019-05-07,176.54,-0.01195196556021294,0.005607794267588062,-0.013028208904497518,-0.01115894414863483,0.620622315832084
2019-05-08,173.35,-0.0008653014133256365,0.007845399480819193,-0.01009518315546587,0.01840207672339189,-0.36756048888126636
2019-05-09,181.59,-0.0383281017677185,0.003469354039319361,-0.040310589790186646,-0.04537694806982773,-0.20386706549354028
2019-05-12,180.68,-0.005202568076156711,0.0018264334735442755,-0.015810825769316028,0.005036528669470908,0.07873638392876314
2019-05-13,180.92,-0.0033716559805437862,0.007959319036038082,-0.006301127570196741,-0.0013265531726729396,0.14732163092683148
2019-05-14,180.86,-0.012661727302886283,0.008348999225920473,-0.01404401194293936,0.0003317483136124899,0.7133176098770768
2019-05-15,187.65,-0.013642419397815075,0.0070338395949907095,-0.016786570743405282,-0.03618438582467354,-0.3654170443174538
2019-05-16,189.0,-0.004285714285714337,0.0023809523809523725,-0.011164021164021265,-0.0071428571428571175,0.07402642831170869
2019-05-19,185.26,0.0039943862679479025,0.010309834826730091,-0.003292669761416289,0.02018784411097929,0.2559357832040041
2019-05-20,187.27,-0.002723340631174298,0.0009077802103913957,-0.0059806696214023125,-0.010733166016980933,0.3157946278147308
2019-05-21,188.24,-0.00196557586060353,0.007862303442413898,-0.005631109222269504,-0.00515299617509557,-0.21215562313673209
2019-05-22,185.08,0.004376485843959221,0.010590015128592922,-0.0032958720553275533,0.017073697860384707,0.01235356164913326
2019-05-23,187.86,-0.0026083253486639535,0.0015437027573723672,-0.010726072607260773,-0.014798254018950296,0.28589746590062526
2019-05-27,184.31,0.014269437360967974,0.01882697628994623,-0.0031468721176279857,0.019261027616515713,-0.30862949090291314
2019-05-28,183.01,-0.008469482541937468,0.0006557018742145981,-0.00983552811321775,0.007103436970657295,0.0554240424864294
2019-05-29,183.41,-0.0026716100539774246,0.004361812333024462,-0.003489449866419414,-0.002180906166512231,0.3482897393957127
2019-05-30,180.55,-0.001384657989476623,0.004763223483799317,-0.0037662697313763926,0.015840487399612302,-0.4068440393910391
2019-06-02,187.28,-0.031023067065356735,0.0006941478000854762,-0.03246475865014953,-0.035935497650576576,-0.39043561719575703
2019-06-03,191.35,-0.018500130650640156,0.0,-0.029631565194669363,-0.021269924222628633,-0.07458844714934354
2019-06-04,192.75,-0.007263294422827471,0.00025940337224383825,-0.011725032425421444,-0.007263294422827471,-0.16005681341758649
2019-06-05,197.35,-0.015404104383075712,0.0035976691157841856,-0.018545730934887206,-0.023308842158601406,0.06930660813754996
2019-06-06,200.05,0.0004998750312421585,0.005298675331167235,-0.012096975756061057,-0.013496625843539167,-0.04009498905345532
2019-06-09,200.42,-0.0014968566011375195,0.007883444765991454,-0.010927053188304559,-0.0018461231414029777,2.0174022978715587
2019-06-10,200.79,0.002041934359280795,0.00512973753672985,-0.005328950644952424,-0.0018427212510583324,-0.30387427287264934
2019-06-11,201.69,-0.0005453914423123596,0.002925281372403221,-0.0035698348951360703,-0.004462293618920143,-0.12068147687740427
2019-06-12,202.74,0.00364999506757413,0.005672289632040917,-0.005425668343691514,-0.00517904705534189,-0.31483651528661394
2019-06-13,202.71,-0.00024665778698640395,0.002565240984657713,-0.006314439346850165,0.00014799467219184237,0.8730801802906929
2019-06-16,201.26,0.00829772433667908,0.011676438437841608,-0.001093113385670308,0.007204610951008661,-0.13267296876733525
2019-06-17,204.02,0.0007842368395254429,0.0036270953828054786,-0.006420939123615299,-0.01352808548181561,-0.1243095202626252
2019-06-18,200.59,0.00822573408445093,0.009372351562889403,-0.007228675407547791,0.017099556308888708,0.03190913979766119
2019-06-19,202.34,0.006474251260255137,0.006770781852327712,-0.004151428289018488,-0.008648808935455166,0.14187305424656382
2019-06-20,202.13,0.002523128679562614,0.004254687577301741,-0.0004947311136397348,0.0010389353386435207,-0.5482414613796203
2019-06-23,203.38,-0.004376044842167359,0.0024092831153506022,-0.006662405349591838,-0.006146130396302518,2.4509125221598143
2019-06-24,202.8,0.007495069033530477,0.007495069033530477,-0.00044378698224856183,0.002859960552268115,-0.02347315878612377
2019-06-25,200.6,0.007228315054835566,0.00852442671984055,-0.0001994017946160831,0.010967098703888345,-0.18344984313321966
2019-06-26,199.53,-0.004159775472360128,0.0021049466245677273,-0.005362602114970194,0.005362602114970194,-0.10573009223516083
2019-06-27,200.8,-0.005976095617529986,0.004581673306772949,-0.008366533864541892,-0.006324701195219218,-0.7620922690339662
2019-06-30,203.0,9.852216748762466e-05,0.0009359605911329894,-0.007339901477832589,-0.010837438423645263,4.779342710366333
2019-07-01,203.54,-0.007516949985260868,0.002112606858602817,-0.009875208804166258,-0.002653041171268522,-0.3531349093254098
2019-07-02,203.61,-0.007907273709542806,0.0,-0.00933156524728651,-0.0003437945091107064,0.8333782062401365
2019-07-04,202.43,-0.006570172405275909,0.003630884750283947,-0.011534851553623549,0.00582917551746287,-0.4604137919946162
2019-07-07,201.67,-0.0030743293499280178,0.009743640600981873,-0.0039172906232954885,0.003768532751524889,0.3634315983634151
2019-07-08,200.97,0.00721500721500723,0.008160421953525399,-0.0012937254316564006,0.0034831069313827623,0.10010740157941478
2019-07-09,201.77,0.001536402834910966,0.004361401595876391,-0.001536402834911077,-0.0039649105417060015,0.09282791764986031
2019-07-10,202.81,-0.006755090971845568,0.0012326808342784101,-0.008776687540062111,-0.005127952270598035,-0.1329470475661957
2019-07-11,203.98,-0.0010785371114815367,0.003627806647710674,-0.004902441415825076,-0.005735856456515309,0.19224123000760884
2019-07-14,204.07,0.0005880335179104801,0.005047287695398639,-0.0017641005537314403,-0.0004410251384329156,0.18246833185682898
2019-07-15,202.59,0.007601559800582525,0.014610790266054607,-0.0006910508909621083,0.007305395133027304,-0.19064309406258673
2019-07-16,201.82,0.008522445743732066,0.010058467941730154,-0.00029729461896743636,0.0038152809434148782,0.08817559933649677
2019-07-17,203.64,-0.00412492634060091,0.00019642506383821257,-0.008937340404635563,-0.008937340404635563,-0.07582763968175488
2019-07-18,203.38,-0.0019175926836463297,0.006047792309961775,-0.0036876782377814887,0.0012783951224308865,-0.13080821317931046
2019-07-21,203.58,0.004961194616367015,0.0069260241674033995,-0.0020139502898124384,-0.0009824147755183033,0.8795956740117896
2019-07-22,206.82,-0.009621893433903739,0.0,-0.01271637172420459,-0.015665796344647376,-0.38625678526860785
2019-07-23,202.75,0.006461159062885358,0.007102342786683202,-0.0027127003699137786,0.020073982737361273,-0.03446490771582389
2019-07-24,199.89,0.002501375756666091,0.003952173695532579,-0.01680924508479653,0.01430786932813044,-0.4710511159417996
2019-07-25,200.96,-0.007613455414012704,0.0009454617834394607,-0.008160828025477795,-0.005324442675159302,0.7502805529978671
2019-07-28,199.77,0.0,0.002202532912849664,-0.0026029934424588452,0.005956850377934586,-0.18861898026161217
2019-07-29,196.5,-0.0035114503816793263,0.006564885496183059,-0.003816793893129722,0.01664122137404589,-0.404691978674667
2019-07-30,191.28,0.024205353408615515,0.02566917607695518,-0.011971978251777426,0.027289836888331198,-0.4072310814659228
2019-07-31,190.42,-0.004253754857682868,0.01617477155760949,-0.006616952000840226,0.004516332318033944,0.10577013786965717
2019-08-01,187.71,0.005700282350434183,0.007138671354749437,-0.010015449363379614,0.014437163709978051,0.4716303098089212
2019-08-04,190.63,-0.003304831348685866,0.012904579552011741,-0.0073965273042018165,-0.015317631012957023,-0.16841143318015817
2019-08-05,188.76,0.00815850815850827,0.008317440135622078,-0.015151515151515027,0.009906759906759932,0.30725409086850974
2019-08-06,190.78,-0.019551315651535783,0.003302232938463101,-0.021805220673026482,-0.01058811196142162,0.13130113169070645
2019-08-07,192.61,-0.011058615855874643,0.004257307512590236,-0.013550698302268849,-0.00950106432687825,0.07883044504045378
2019-08-08,191.97,-0.010626660415689937,0.004323592227952311,-0.011746627077147465,0.0033338542480596534,0.1839533855094544
2019-08-11,192.8,0.0011410788381742698,0.009543568464730257,-0.00409751037344408,-0.004304979253112129,-0.14571163319896574
2019-08-12,192.9,-0.003991705546915525,0.01404872991187145,-0.007257646448937338,-0.0005184033177811909,0.04967919673307852
2019-08-13,185.64,0.01702219349278189,0.025210084033613578,-0.000808015513897753,0.03910795087265684,-0.26437116515315884
2019-08-14,186.64,-0.00498285469352755,0.0045542220317189575,-0.008411915987998286,-0.005357908272610401,0.6133182091581892
2019-08-15,188.79,-0.01117643943005453,0.0018009428465490807,-0.011812066317071879,-0.01138831505906035,0.17776147088513827
2019-08-18,189.11,0.0006874305959494453,0.006451271746602538,-0.004230342128919706,-0.0016921368515679935,0.040234046472882756
2019-08-19,187.69,0.002877084554318232,0.006979594011401691,-0.007405828760189581,0.007565666790985137,-0.09915259863018844
2019-08-20,188.74,0.0030200275511285124,0.006410935678711427,-0.0006887782134152864,-0.005563208646815809,0.27232165808588604
2019-08-21,187.13,0.007588307593651589,0.009993052957836923,-0.0027788168652806977,0.008603644525196463,-0.2551250261568151
2019-08-22,184.26,0.007489417127971354,0.01682405296863143,-0.014436122869857737,0.015575816780636131,-0.34146482054736904
2019-08-25,184.92,0.0017845554834523547,0.0028120268224096634,-0.0058944408392817005,-0.0035691109669045984,0.7006614746358137
2019-08-26,184.74,0.007361697520839927,0.008985601385731234,-0.002002814766699168,0.0009743423189345624,-0.12463320204474981
2019-08-27,184.97,-0.001513758987944036,0.005190030815807933,-0.0060009731307778535,-0.0012434448829539146,0.28398310431886586
2019-08-28,187.66,0.002557817329212453,0.004156453159970264,-0.003143983800490302,-0.014334434615794533,-0.2205067403675246
2019-08-29,188.91,-0.0021703456672489407,0.001746863585834646,-0.007940289026520553,-0.006616907522100424,-0.13694065569042768
2019-09-02,187.23,0.00021364097633935764,0.004833627089675829,-0.005501255140735961,0.008972921006249024,0.2415196567960296
2019-09-03,187.56,0.0025591810620599897,0.007144380464917832,-0.005598208573256658,-0.0017594369801664511,0.12307091071020526
2019-09-04,187.1,0.0085515766969535,0.01282736504543025,0.0,0.0024585783003741035,-0.36054719971911997
2019-09-05,189.52,-0.005276487969607446,0.004115660616293759,-0.008178556352891553,-0.012769100886450113,0.7891573610813447
2019-09-08,185.21,0.015603909076183697,0.01743966308514655,-0.0009718697694509615,0.023270881701851875,-0.6250645094476468
2019-09-09,185.72,-0.008668964031875892,0.0,-0.013245746284729742,-0.002746069351712177,0.5995911232752245
2019-09-10,187.61,-0.010340600181227178,0.0006396247534778965,-0.013325515697457435,-0.01007408986727798,0.3796921472868158
2019-09-11,191.57,-0.004802422091141567,0.005481025212715984,-0.01174505402724857,-0.020671295087957287,-0.2102582522396349
2019-09-12,192.16,0.0017173189009158651,0.008066194837635265,-0.0009367194004996637,-0.0030703580349709103,-0.04370721918727927
2019-09-15,188.52,0.016337789093995303,0.017398684489709382,-0.004084447273498881,0.019308296201994368,0.36164875876169367
2019-09-16,192.24,-0.009883478984602623,0.004993757802746357,-0.012952559300873911,-0.019350811485642994,0.052758018013842944
2019-09-17,192.66,0.004100487906155914,0.005242395930654897,-0.008616215093947832,-0.0021800062285891597,-0.29521248829878133
2019-09-18,194.24,0.007464991762767603,0.0096787479406919,-0.0016474464579901982,-0.008134266886326236,0.04862961628766782
2019-09-19,194.11,0.007109370975220131,0.01102467672968932,-0.005203235278965601,0.000669723352738183,-0.47834283665098665
2019-09-22,193.52,-0.004495659363373372,0.0024803637866885886,-0.005012401818933476,0.0030487804878049918,2.581681720115552
2019-09-23,191.52,0.008615288220551243,0.012113617376775299,-0.003498329156223945,0.010442773600668254,-0.43757214288468704
2019-09-24,192.25,-0.008374512353706232,0.0032249674902471437,-0.009986996098829581,-0.0037971391417425115,0.7882250722040953
2019-09-25,192.3,0.0038481539261570052,0.004732189287571575,-0.0042641705668228225,-0.0002600104004161219,-0.36145181329887044
2019-09-26,191.55,0.0031845471156355387,0.006279300443748248,-0.005063951970764813,0.003915426781519127,0.5274922987933655
2019-09-29,193.72,-0.00619450753665074,0.0026842865992153797,-0.00794961800536853,-0.011201734462110147,-0.14378349739699314
2019-09-30,188.55,0.028533545478652833,0.029010872447626568,-0.0005303632988598039,0.027419782551047378,-0.08485378699243551
2019-10-01,184.11,0.009885394601053754,0.01026560208570948,-0.011134647764923233,0.024116017598174944,-0.4377518687674826
2019-10-02,184.64,-0.004224436741767645,0.0018414211438475547,-0.012781629116117799,-0.0028704506065856394,1.068788517810145
2019-10-03,186.18,-0.0027929960253518793,0.0064453754431195165,-0.010527446557095366,-0.008271565152003557,-0.35454327233783256
2019-10-06,188.58,-0.01368119630925868,0.009332909110191911,-0.014582670484674987,-0.0127266942411709,-0.4501893197071971
2019-10-07,184.11,0.018087013198631263,0.01814132855358186,-0.0022269295529847577,0.02427896366302762,0.7888663535647502
2019-10-08,187.39,-0.006830673995410486,0.0034687016382946023,-0.009125353540743841,-0.017503602113239647,0.19563290466821814
2019-10-09,191.23,-0.005229305025362119,0.004340323171050597,-0.013753072216702411,-0.020080531297390625,-0.15572044579289823
2019-10-10,194.25,-0.008082368082368063,0.0117889317889317,-0.009781209781209776,-0.015546975546975594,-0.06200020757832858
2019-10-13,192.53,0.00919337246143459,0.01443930815976735,-0.00036357970186462474,0.008933672674388493,0.32703704911085385
2019-10-14,195.18,0.003125320217235217,0.014601905932984938,-0.0014858079721283834,-0.013577210779793014,-0.18473844616471202
2019-10-15,196.85,0.004826009652019403,0.006756413512827075,-0.0036068072136145046,-0.008483616967233876,-0.0628131738667208
2019-10-16,196.64,0.005695687550854478,0.011899918633035078,-0.00045768917819355437,0.0010679414157852563,0.6420674092047318
2019-10-17,195.79,0.005567189335512479,0.007405894070177332,-0.004341386179069429,0.0043413861790693176,-0.19757911008132534
2019-10-20,194.97,0.004975124378109541,0.00553931374057548,-0.0032825562907112804,0.0042057752474740084,0.29026684889219645
2019-10-21,191.47,0.008408627983496286,0.011542278163681141,-0.0003655925210215294,0.018279626051078468,-0.35000853244669283
2019-10-22,193.7,0.00030975735673721694,0.006040268456375841,-0.002736189984512083,-0.011512648425400007,0.1580054534646711
2019-10-23,192.99,0.006839732628633577,0.008534120938908707,-0.0015544846883258634,0.003678947095704377,0.2366803672451392
2019-10-24,195.0,-0.0031282051282052192,0.002307692307692344,-0.004923076923076919,-0.01030769230769224,-0.026970248157349497
2019-10-27,196.77,-0.0023377547390354136,0.0006098490623569486,-0.005539462316410004,-0.008995273669766823,-0.1523640782025285
2019-10-28,199.11,-0.006729948269800667,0.011049168801165132,-0.01004469891015014,-0.011752297724875738,0.11938553635925286
2019-10-29,199.19,-0.006626838696721649,0.001857522968020442,-0.01450876047994365,-0.00040162658768005954,-0.02620166645256461
2019-10-30,198.35,0.004184522309049754,0.0045374338290899985,-0.007058230400806664,0.004234938240484043,-0.14249302975742795
2019-10-31,198.8,0.0004024144869214652,0.006287726358148893,-0.0021126760563381364,-0.002263581488933686,0.5739404411017379
2019-11-03,200.76,0.0024407252440725724,0.0036361825064754605,-0.003187886033074294,-0.009762900976289957,-0.25826970543290184
2019-11-04,200.31,0.003145125056162934,0.005840946532873925,-0.006789476311716891,0.0022465178972592703,-0.03431941006688988
2019-11-05,201.12,-4.972155926807886e-05,0.0023866348448686736,-0.005021877486077964,-0.004027446300716053,0.056995503475821385
2019-11-06,202.6,-0.004738400789733532,0.0005923000987166915,-0.007699901283316879,-0.007305034550839085,-0.009506533612258616
2019-11-07,203.0,0.002955665024630516,0.0071428571428571175,-0.00339901477832516,-0.0019704433497537144,0.13512608463319675
2019-11-10,202.29,0.002372831084087368,0.005091700034603797,-0.003509812645212218,0.00350981264521244,0.09895303184528137
2019-11-11,205.76,-0.002575816485225535,0.009477060653188207,-0.007678849144634459,-0.016864307931570788,-0.4752018014347845
2019-11-12,207.82,-0.002983350976806909,0.0041863150803580496,-0.005148686363198873,-0.00991242421326144,0.2069436788759298
2019-11-13,208.64,-0.007429064417177833,0.0015816717791412582,-0.009106595092024383,-0.003930214723926295,0.39242289566806976
2019-11-14,209.71,0.0013828620475895281,0.0029326212388536277,-0.006580515950598387,-0.0051022841066235,-0.4617873185443192
2019-11-17,209.11,-0.0034431638850367374,0.004064846253168053,-0.007794940461957944,0.0028693032375304295,0.6545971917056659
2019-11-18,207.43,0.013353902521332506,0.01480017355252361,0.0,0.008099117774670983,-0.2339765590720536
2019-11-19,206.18,0.0040741100009700215,0.007372199049374251,-0.0030070811911921957,0.006062663691919656,0.18910371571904472
2019-11-20,206.26,0.004702802288373942,0.007514787161834624,-0.0010966741006495084,-0.00038785998254620146,-0.10538222372084394
2019-11-21,204.91,0.0024400956517496297,0.00575862573812902,-0.0012200478258748149,0.006588258259723645,0.4531636219882651
2019-11-24,205.94,-0.005826939885403504,9.71156647566751e-05,-0.008254831504321603,-0.005001456734971321,-0.33031481278925645
2019-11-25,205.14,-0.00014624159110843138,0.004094764551038299,-0.002437359851808485,0.003899775762893798,-0.08355610833409421
2019-11-26,206.0,-0.009902912621359228,0.0005339805825244071,-0.010631067961165086,-0.004174757281553476,0.4349510667108878
2019-11-28,206.21,-0.003976528781339472,0.0029581494592889612,-0.005091896610251778,-0.0010183793220504,0.26593427495772426
2019-12-01,200.63,0.011065144793899195,0.014703683397298661,-0.003987439565368955,0.02781239096844934,-0.5135206807792263
2019-12-02,202.04,-0.007077806374975126,0.002573747772718349,-0.012027321322510276,-0.006978816076024574,0.41129002075939414
2019-12-03,202.75,0.007644882860665891,0.011196054254007493,-0.00039457459926028893,-0.0035018495684340234,-0.11206069412184783
2019-12-04,203.75,-0.0028466257668712247,0.0015214723926380014,-0.007361963190184007,-0.004907975460122671,0.6062192936430602
2019-12-05,205.53,0.00034058288327742936,0.0022381160901085995,-0.004549214226633569,-0.008660536174767697,-0.06461612333004729
2019-12-08,205.33,0.00745141966590368,0.008133248916378344,-0.002678614912579813,0.0009740417863925988,-0.13560607591031215
2019-12-09,203.95,0.0036773719048786013,0.008776660946310466,-0.0005883795047804119,0.006766364304976902,-0.0524269648256509
2019-12-10,205.64,-0.0009239447578291982,0.003501264345458166,-0.0036471503598521915,-0.008218245477533581,-0.024459082073525762
2019-12-11,209.92,-0.013481326219512146,0.0015720274390245148,-0.014529344512195008,-0.02038871951219512,-0.12856268950279348
2019-12-12,209.05,0.0098541018895002,0.012389380530973382,-0.003204974886390932,0.004161683807701433,-0.12649451043637383
2019-12-15,210.02,0.005142367393581537,0.005475668983906168,-0.0009522902580707537,-0.004618607751642689,-0.14723054238655375
2019-12-16,209.66,0.00343413145092053,0.004101879233044059,-0.004531145664409042,0.001717065725460376,0.2511473131466886
2019-12-17,208.33,0.004752076033216479,0.0048000768012288475,-0.006672106753708107,0.0063841021456343405,-0.001477927459713202
2019-12-18,209.4,-0.006972301814708759,0.0002387774594077019,-0.0083094555873926,-0.005109837631327552,0.19610090421213666
2019-12-19,212.11,0.004808825609353473,0.008627598887369636,-0.0051388430531328355,-0.01277638960916505,-0.6947791144473401
2019-12-22,211.77,0.0014638522925816133,0.0025499362515937207,-0.003163809793644168,0.001605515417670178,3.05579972194929
2019-12-23,211.62,-0.0002362725640299157,0.003733106511671913,-0.00448917871656751,0.000708817692089525,1.3992213845367556
2019-12-25,212.75,-0.004935370152761465,0.0,-0.007755581668625222,-0.005311398354876595,-0.15679635773537903
2019-12-26,212.26,0.008904174126071807,0.009398850466409092,-0.000800904551022219,0.002308489588240814,-0.4205707635988263
2019-12-29,211.49,0.006241429854839442,0.006666981890396606,-0.001040238309139907,0.0036408340819895635,0.02351688101419369
2019-12-30,212.9,-0.005448567402536408,9.394081728508752e-05,-0.007703147017379175,-0.006622827618600224,-0.2194473583484703
